<resources>
    <color name="md_theme_primary">#000000</color>
    <color name="md_theme_onPrimary">#FFFFFF</color>
    <color name="md_theme_primaryContainer">#262626</color>
    <color name="md_theme_onPrimaryContainer">#B1B1B1</color>
    <color name="md_theme_secondary">#505050</color>
    <color name="md_theme_onSecondary">#FFFFFF</color>
    <color name="md_theme_secondaryContainer">#747474</color>
    <color name="md_theme_onSecondaryContainer">#FFFFFF</color>
    <color name="md_theme_tertiary">#505050</color>
    <color name="md_theme_onTertiary">#FFFFFF</color>
    <color name="md_theme_tertiaryContainer">#747474</color>
    <color name="md_theme_onTertiaryContainer">#FFFFFF</color>
    <color name="md_theme_error">#BA1A1A</color>
    <color name="md_theme_onError">#FFFFFF</color>
    <color name="md_theme_errorContainer">#FFDAD6</color>
    <color name="md_theme_onErrorContainer">#410002</color>
    <color name="md_theme_background">#F9F9F9</color>
    <color name="md_theme_onBackground">#1B1B1B</color>
    <color name="md_theme_surface">#F9F9F9</color>
    <color name="md_theme_onSurface">#1B1B1B</color>
    <color name="md_theme_surfaceVariant">#EBE0E1</color>
    <color name="md_theme_onSurfaceVariant">#4C4546</color>
    <color name="md_theme_outline">#7E7576</color>
    <color name="md_theme_outlineVariant">#CFC4C5</color>
    <color name="md_theme_scrim">#000000</color>
    <color name="md_theme_inverseSurface">#303030</color>
    <color name="md_theme_inverseOnSurface">#F1F1F1</color>
    <color name="md_theme_inversePrimary">#C6C6C6</color>
    <color name="md_theme_primaryFixed">#E2E2E2</color>
    <color name="md_theme_onPrimaryFixed">#1B1B1B</color>
    <color name="md_theme_primaryFixedDim">#C6C6C6</color>
    <color name="md_theme_onPrimaryFixedVariant">#474747</color>
    <color name="md_theme_secondaryFixed">#E3E2E2</color>
    <color name="md_theme_onSecondaryFixed">#1B1C1C</color>
    <color name="md_theme_secondaryFixedDim">#C7C6C6</color>
    <color name="md_theme_onSecondaryFixedVariant">#464747</color>
    <color name="md_theme_tertiaryFixed">#E3E2E2</color>
    <color name="md_theme_onTertiaryFixed">#1B1C1C</color>
    <color name="md_theme_tertiaryFixedDim">#C7C6C6</color>
    <color name="md_theme_onTertiaryFixedVariant">#464747</color>
    <color name="md_theme_surfaceDim">#DADADA</color>
    <color name="md_theme_surfaceBright">#F9F9F9</color>
    <color name="md_theme_surfaceContainerLowest">#FFFFFF</color>
    <color name="md_theme_surfaceContainerLow">#F3F3F3</color>
    <color name="md_theme_surfaceContainer">#EEEEEE</color>
    <color name="md_theme_surfaceContainerHigh">#E8E8E8</color>
    <color name="md_theme_surfaceContainerHighest">#E2E2E2</color>
    <color name="md_theme_primary_mediumContrast">#000000</color>
    <color name="md_theme_onPrimary_mediumContrast">#FFFFFF</color>
    <color name="md_theme_primaryContainer_mediumContrast">#262626</color>
    <color name="md_theme_onPrimaryContainer_mediumContrast">#DCDCDC</color>
    <color name="md_theme_secondary_mediumContrast">#424343</color>
    <color name="md_theme_onSecondary_mediumContrast">#FFFFFF</color>
    <color name="md_theme_secondaryContainer_mediumContrast">#747474</color>
    <color name="md_theme_onSecondaryContainer_mediumContrast">#FFFFFF</color>
    <color name="md_theme_tertiary_mediumContrast">#424343</color>
    <color name="md_theme_onTertiary_mediumContrast">#FFFFFF</color>
    <color name="md_theme_tertiaryContainer_mediumContrast">#747474</color>
    <color name="md_theme_onTertiaryContainer_mediumContrast">#FFFFFF</color>
    <color name="md_theme_error_mediumContrast">#8C0009</color>
    <color name="md_theme_onError_mediumContrast">#FFFFFF</color>
    <color name="md_theme_errorContainer_mediumContrast">#DA342E</color>
    <color name="md_theme_onErrorContainer_mediumContrast">#FFFFFF</color>
    <color name="md_theme_background_mediumContrast">#F9F9F9</color>
    <color name="md_theme_onBackground_mediumContrast">#1B1B1B</color>
    <color name="md_theme_surface_mediumContrast">#F9F9F9</color>
    <color name="md_theme_onSurface_mediumContrast">#1B1B1B</color>
    <color name="md_theme_surfaceVariant_mediumContrast">#EBE0E1</color>
    <color name="md_theme_onSurfaceVariant_mediumContrast">#484142</color>
    <color name="md_theme_outline_mediumContrast">#655D5E</color>
    <color name="md_theme_outlineVariant_mediumContrast">#81787A</color>
    <color name="md_theme_scrim_mediumContrast">#000000</color>
    <color name="md_theme_inverseSurface_mediumContrast">#303030</color>
    <color name="md_theme_inverseOnSurface_mediumContrast">#F1F1F1</color>
    <color name="md_theme_inversePrimary_mediumContrast">#C6C6C6</color>
    <color name="md_theme_primaryFixed_mediumContrast">#747474</color>
    <color name="md_theme_onPrimaryFixed_mediumContrast">#FFFFFF</color>
    <color name="md_theme_primaryFixedDim_mediumContrast">#5C5C5C</color>
    <color name="md_theme_onPrimaryFixedVariant_mediumContrast">#FFFFFF</color>
    <color name="md_theme_secondaryFixed_mediumContrast">#747474</color>
    <color name="md_theme_onSecondaryFixed_mediumContrast">#FFFFFF</color>
    <color name="md_theme_secondaryFixedDim_mediumContrast">#5C5C5C</color>
    <color name="md_theme_onSecondaryFixedVariant_mediumContrast">#FFFFFF</color>
    <color name="md_theme_tertiaryFixed_mediumContrast">#747474</color>
    <color name="md_theme_onTertiaryFixed_mediumContrast">#FFFFFF</color>
    <color name="md_theme_tertiaryFixedDim_mediumContrast">#5C5C5C</color>
    <color name="md_theme_onTertiaryFixedVariant_mediumContrast">#FFFFFF</color>
    <color name="md_theme_surfaceDim_mediumContrast">#DADADA</color>
    <color name="md_theme_surfaceBright_mediumContrast">#F9F9F9</color>
    <color name="md_theme_surfaceContainerLowest_mediumContrast">#FFFFFF</color>
    <color name="md_theme_surfaceContainerLow_mediumContrast">#F3F3F3</color>
    <color name="md_theme_surfaceContainer_mediumContrast">#EEEEEE</color>
    <color name="md_theme_surfaceContainerHigh_mediumContrast">#E8E8E8</color>
    <color name="md_theme_surfaceContainerHighest_mediumContrast">#E2E2E2</color>
    <color name="md_theme_primary_highContrast">#000000</color>
    <color name="md_theme_onPrimary_highContrast">#FFFFFF</color>
    <color name="md_theme_primaryContainer_highContrast">#262626</color>
    <color name="md_theme_onPrimaryContainer_highContrast">#FFFFFF</color>
    <color name="md_theme_secondary_highContrast">#212222</color>
    <color name="md_theme_onSecondary_highContrast">#FFFFFF</color>
    <color name="md_theme_secondaryContainer_highContrast">#424343</color>
    <color name="md_theme_onSecondaryContainer_highContrast">#FFFFFF</color>
    <color name="md_theme_tertiary_highContrast">#212222</color>
    <color name="md_theme_onTertiary_highContrast">#FFFFFF</color>
    <color name="md_theme_tertiaryContainer_highContrast">#424343</color>
    <color name="md_theme_onTertiaryContainer_highContrast">#FFFFFF</color>
    <color name="md_theme_error_highContrast">#4E0002</color>
    <color name="md_theme_onError_highContrast">#FFFFFF</color>
    <color name="md_theme_errorContainer_highContrast">#8C0009</color>
    <color name="md_theme_onErrorContainer_highContrast">#FFFFFF</color>
    <color name="md_theme_background_highContrast">#F9F9F9</color>
    <color name="md_theme_onBackground_highContrast">#1B1B1B</color>
    <color name="md_theme_surface_highContrast">#F9F9F9</color>
    <color name="md_theme_onSurface_highContrast">#000000</color>
    <color name="md_theme_surfaceVariant_highContrast">#EBE0E1</color>
    <color name="md_theme_onSurfaceVariant_highContrast">#282224</color>
    <color name="md_theme_outline_highContrast">#484142</color>
    <color name="md_theme_outlineVariant_highContrast">#484142</color>
    <color name="md_theme_scrim_highContrast">#000000</color>
    <color name="md_theme_inverseSurface_highContrast">#303030</color>
    <color name="md_theme_inverseOnSurface_highContrast">#FFFFFF</color>
    <color name="md_theme_inversePrimary_highContrast">#ECECEC</color>
    <color name="md_theme_primaryFixed_highContrast">#434343</color>
    <color name="md_theme_onPrimaryFixed_highContrast">#FFFFFF</color>
    <color name="md_theme_primaryFixedDim_highContrast">#2D2D2D</color>
    <color name="md_theme_onPrimaryFixedVariant_highContrast">#FFFFFF</color>
    <color name="md_theme_secondaryFixed_highContrast">#424343</color>
    <color name="md_theme_onSecondaryFixed_highContrast">#FFFFFF</color>
    <color name="md_theme_secondaryFixedDim_highContrast">#2C2D2D</color>
    <color name="md_theme_onSecondaryFixedVariant_highContrast">#FFFFFF</color>
    <color name="md_theme_tertiaryFixed_highContrast">#424343</color>
    <color name="md_theme_onTertiaryFixed_highContrast">#FFFFFF</color>
    <color name="md_theme_tertiaryFixedDim_highContrast">#2C2D2D</color>
    <color name="md_theme_onTertiaryFixedVariant_highContrast">#FFFFFF</color>
    <color name="md_theme_surfaceDim_highContrast">#DADADA</color>
    <color name="md_theme_surfaceBright_highContrast">#F9F9F9</color>
    <color name="md_theme_surfaceContainerLowest_highContrast">#FFFFFF</color>
    <color name="md_theme_surfaceContainerLow_highContrast">#F3F3F3</color>
    <color name="md_theme_surfaceContainer_highContrast">#EEEEEE</color>
    <color name="md_theme_surfaceContainerHigh_highContrast">#E8E8E8</color>
    <color name="md_theme_surfaceContainerHighest_highContrast">#E2E2E2</color>
</resources>
